﻿Estimate summary,,,,,,,,,
Upfront cost,Monthly cost,Total 12 months cost,Currency,,,,,,
0,18343.66,220123.92,USD,,,,,,
,,* Includes upfront cost,,,,,,,
,,,,,,,,,
,,,,,,,,,
Detailed Estimate,,,,,,,,,
Group hierarchy,Region,Description,Service,Upfront,Monthly,First 12 months total,Currency,Status,Configuration summary
My Estimate,US East (N. Virginia),,S3 Standard,0,1285.02,15420.24,USD,,"S3 Standard storage (50000 GB per month), Data returned by S3 Select (50000 GB per month), Data scanned by S3 Select (50000 GB per month), GET, SELECT, and all other requests from S3 Standard (50000)"
My Estimate,US East (N. Virginia),,S3 Standard - Infrequent Access,0,1226.05,14712.6,USD,,"S3 Standard-IA storage (50000 GB per month), GET, SELECT, and all other requests from S3 Standard-IA (50000), Lifecycle Transition requests (50000), PUT, COPY, POST, LIST requests to S3 Standard-IA (50000), Data returned by S3 Select (50000 GB per month), Data scanned by S3 Select (50000 GB per month)"
My Estimate,US East (N. Virginia),,S3 Glacier Instant Retrieval,0,1802.5,21630,USD,,"S3 Glacier Instant Retrieval storage (50000 GB per month), PUT, COPY, POST, LIST requests to S3 Glacier Instant Retrieval (50000), GET, SELECT, and all other requests from S3 Glacier Instant Retrieval (50000), Lifecycle Transition requests (50000), Data returned by S3 Select (50000 GB per month), Data scanned by S3 Select (50000 GB per month)"
My Estimate,US East (N. Virginia),,Data Transfer,0,0,0,USD,,
My Estimate,US East (N. Virginia),,Amazon EC2 ,0,6287.64,75451.68,USD,,"Tenancy (Shared Instances), Operating system (Linux), Workload (Consistent, Number of instances: 12), Advance EC2 instance (m5.4xlarge), Pricing strategy ( 3 Year  None upfront), Enable monitoring (disabled), EBS Storage amount (3000 GB), DT Inbound: Not selected (0 TB per month), DT Outbound: Not selected (0 TB per month), DT Intra-Region: (0 TB per month)"
My Estimate,US East (N. Virginia),,Amazon RDS for PostgreSQL,0,4439.2,53270.4,USD,,"Storage volume (General Purpose SSD (gp2)), Storage amount (8000 GB), Nodes (2), Instance Type (db.m1.large), Utilization (On-Demand only) (100 %Utilized/Month), Deployment Option (Multi-AZ), Pricing Model (OnDemand)"
My Estimate,US East (N. Virginia),,Application Load Balancer,0,3303.25,39639,USD,,Number of Application Load Balancers (2)
,,,,,,,,,
,,,,,,,,,
,,,,,,,,,
Acknowledgement,,,,,,,,,
"* AWS Pricing Calculator provides only an estimate of your AWS fees and doesn't include any taxes that might apply. Your actual fees depend on a variety of factors, including your actual usage of AWS services.",,,,,,,,,
,,,,,,,,,
"Changes made: Used S3 Glacier, S3 Glacier Instant Retrieval to store data that would rarely be accessed, change number of instance from 8 to 12, change RDS storage amount and change average number of new connections per ALB from 5000 to 7000",,,,,,,,,
