﻿Estimate summary,,,,,,,,,
Estimate summary,Monthly cost,Total 12 months cost,Currency,,,,,,
0,9984.81,119817.72,USD,,,,,,
,,* Includes upfront cost,,,,,,,
,,,,,,,,,
,,,,,,,,,
Detailed Estimate,,,,,,,,,
Group hierarchy,Region,Description,Service,Upfront,Monthly,First 12 months total,Currency,Status,Configuration summary
My Estimate,US East (N. Virginia),,S3 Standard,0,1285,15420,USD,,"S3 Standard storage (50000 GB per month), Data returned by S3 Select (50000 GB per month), Data scanned by S3 Select (50000 GB per month)"
My Estimate,US East (N. Virginia),,Data Transfer,0,0,0,USD,,
My Estimate,US East (N. Virginia),,Amazon EC2 ,0,4191.76,50301.12,USD,,"Tenancy (Shared Instances), Operating system (Linux), Workload (Consistent, Number of instances: 8), Advance EC2 instance (m5.4xlarge), Pricing strategy (Compute Savings Plans 3 Year  None upfront), Enable monitoring (disabled), EBS Storage amount (3000 GB), DT Inbound: Not selected (0 TB per month), DT Outbound: Not selected (0 TB per month), DT Intra-Region: (0 TB per month)"
My Estimate,US East (N. Virginia),,Amazon RDS for PostgreSQL,0,2139.2,25670.4,USD,,"Storage volume (General Purpose SSD (gp2)), Storage amount (3000 GB), Nodes (2), Instance Type (db.m1.large), Utilization (On-Demand only) (100 %Utilized/Month), Deployment Option (Multi-AZ), Pricing Model (OnDemand)"
My Estimate,US East (N. Virginia),,Application Load Balancer,0,2368.85,28426.2,USD,,Number of Application Load Balancers (2)
,,,,,,,,,
,,,,,,,,,
,,,,,,,,,
Acknowledgement,,,,,,,,,
"* AWS Pricing Calculator provides only an estimate of your AWS fees and doesn't include any taxes that might apply. Your actual fees depend on a variety of factors, including your actual usage of AWS services.",,,,,,,,,
