﻿Estimate summary,,,,,,,,,
Upfront cost,Monthly cost,Total 12 months cost,Currency,,,,,,
0,6259.95,75119.4,USD,,,,,,
,,* Includes upfront cost,,,,,,,
,,,,,,,,,
,,,,,,,,,
Detailed Estimate,,,,,,,,,
Group hierarchy,Region,Description,Service,Upfront,Monthly,First 12 months total,Currency,Status,Configuration summary
My Estimate,US East (N. Virginia),,S3 Standard,0,365,4380,USD,,"S3 Standard storage (10000 GB per month), Data returned by S3 Select (50000 GB per month), Data scanned by S3 Select (50000 GB per month)"
My Estimate,US East (N. Virginia),,S3 Glacier Instant Retrieval,0,480,5760,USD,,"S3 Glacier Instant Retrieval storage (40000 GB per month), Data returned by S3 Select (10000 GB per month), Data scanned by S3 Select (10000 GB per month)"
My Estimate,US East (N. Virginia),,Data Transfer,0,0,0,USD,,
My Estimate,US East (N. Virginia),,Amazon EC2 ,0,2294.1,27529.2,USD,,"Tenancy (Shared Instances), Operating system (Linux), Workload (Consistent, Number of instances: 6), Advance EC2 instance (m5.2xlarge), Pricing strategy ( 3 Year  None upfront), Enable monitoring (disabled), EBS Storage amount (3000 GB), DT Inbound: Not selected (0 TB per month), DT Outbound: Not selected (0 TB per month), DT Intra-Region: (0 TB per month)"
My Estimate,US East (N. Virginia),,Amazon RDS for PostgreSQL,0,1219.2,14630.4,USD,,"Storage volume (General Purpose SSD (gp2)), Storage amount (1000 GB), Nodes (2), Instance Type (db.m1.large), Utilization (On-Demand only) (100 %Utilized/Month), Deployment Option (Multi-AZ), Pricing Model (OnDemand)"
My Estimate,US East (N. Virginia),,Application Load Balancer,0,1901.65,22819.8,USD,,Number of Application Load Balancers (2)
,,,,,,,,,
,,,,,,,,,
,,,,,,,,,
Acknowledgement,,,,,,,,,
"* AWS Pricing Calculator provides only an estimate of your AWS fees and doesn't include any taxes that might apply. Your actual fees depend on a variety of factors, including your actual usage of AWS services.",,,,,,,,,
,,,,,,,,,
"Changes made: Used S3 Glacier to store data that would rarely be accessed, change EC2 instance type and reduce number of instance, change RDS storage amount and change average number of new connections per ALB from 5000 to 4000",,,,,,,,,
